dimension,birth,death
1,0.03558677729654006,0.03993411750866433
0,0.0,inf
0,0.0,0.03523502449447488
0,0.0,0.029797467199625196
0,0.0,0.025643954299644403
0,0.0,0.010941345538663739
0,0.0,0.009092385511741435
0,0.0,0.00700099154755037
0,0.0,0.005794882345337167
0,0.0,0.005692516459149804
0,0.0,0.0036239321376144488
0,0.0,0.0034023058690921307
0,0.0,0.001920870507629917
0,0.0,0.0017486754060731043
0,0.0,0.001216788292012725
0,0.0,0.0011280766964166145
0,0.0,0.000780919949075191
