dimension,birth,death
0,0.0,inf
0,0.0,0.06768151393476864
0,0.0,0.06697067302920934
0,0.0,0.05145551391836727
0,0.0,0.03880131691366713
0,0.0,0.0260770374213856
0,0.0,0.025520063006053965
0,0.0,0.02511511395502055
0,0.0,0.023766387585825728
0,0.0,0.008086171782003963
0,0.0,0.004827692715939671
0,0.0,0.0023003381508160353
0,0.0,0.002108326488057186
0,0.0,0.0004351460050431653
0,0.0,0.00033342823110720323
