dimension,birth,death
1,0.011779736344771826,0.012487660266957922
0,0.0,inf
0,0.0,0.026153665724105237
0,0.0,0.013428474926388498
0,0.0,0.011437464561358968
0,0.0,0.010473131059363691
0,0.0,0.009622837776395195
0,0.0,0.007525499814073531
0,0.0,0.002814361939654311
0,0.0,0.0027424928641228744
0,0.0,0.001197728559268045
0,0.0,0.001016841944094477
0,0.0,0.0010031784598216154
0,0.0,0.0005725733905164815
0,0.0,0.0005609180550150655
0,0.0,0.0005554153999004681
