dimension,birth,death
0,0.0,inf
0,0.0,0.022558122205220393
0,0.0,0.021710060203338898
0,0.0,0.010627515656708537
0,0.0,0.009107133597979888
0,0.0,0.006856111578156011
0,0.0,0.006703516825622077
0,0.0,0.002828512362259988
0,0.0,0.0009082164413505685
0,0.0,0.0004173447131085015
0,0.0,0.000408345781796638
