dimension,birth,death
0,0.0,inf
0,0.0,0.0676796503478599
0,0.0,0.04696147194577231
0,0.0,0.038800248532922466
0,0.0,0.025881215390747492
0,0.0,0.025519360320009277
0,0.0,0.025359554217998716
0,0.0,0.023765733186622586
0,0.0,0.01924606263739092
0,0.0,0.009031767506297871
0,0.0,0.008085949132080775
0,0.0,0.0015366541374533112
0,0.0,0.0004351340234494456
0,0.0,0.00033341905027703124
