dimension,birth,death
1,0.035924009087384315,0.04176440781113502
0,0.0,inf
0,0.0,0.03528259248462751
0,0.0,0.03344958938370845
0,0.0,0.028326479264694313
0,0.0,0.01994692128789385
0,0.0,0.018294202050592314
0,0.0,0.010842770556744194
0,0.0,0.010681020120301966
0,0.0,0.0038155449865095443
0,0.0,0.0032494441152311495
0,0.0,0.0017751824331360343
0,0.0,0.0010301245839063715
0,0.0,0.0005000062185395848
0,0.0,0.0004496011580887488
