dimension,birth,death
0,0.0,inf
0,0.0,0.016614032987425375
0,0.0,0.013429568824768425
0,0.0,0.011438396269838464
0,0.0,0.010730154046302199
0,0.0,0.009633588931341877
0,0.0,0.009376650344354963
0,0.0,0.00841209920149756
0,0.0,0.007444283716406361
0,0.0,0.006172321993821948
0,0.0,0.0037952089916571327
0,0.0,0.0021535929474731826
0,0.0,0.001167331706534369
0,0.0,0.0007680407705430927
0,0.0,0.0006816764400118412
