dimension,birth,death
0,0.0,0.00046415179376818865
0,0.0,0.00046415179376818865
0,0.0,0.00045412725460259424
0,0.0,0.00045412725460259424
