dimension,birth,death
0,0.0,0.0003378980209622295
0,0.0,0.0003378980209622295
