dimension,birth,death
1,0.00041530555939005753,0.00047481543417392464
1,0.00041530555939005753,0.0004420534695200509
