dimension,birth,death
0,0.0,0.00017427217371206744
0,0.0,0.00017427217371206744
