dimension,birth,death
0,0.0,0.0006294214450601859
0,0.0,0.0006136816766607758
