dimension,birth,death
0,0.0,0.0003750517497026482
0,0.0,0.0003750517497026482
0,0.0,0.0003750517497026482
