dimension,birth,death
1,0.00031489539090451567,0.00035469155412126506
0,0.0,0.00031489539090451567
0,0.0,0.00031489539090451567
