dimension,birth,death
1,0.0,0.00043820067851595395
1,0.0003107654365214933,0.00043820067851595395
0,0.0,0.0003107654365214933
0,0.0,0.0003107654365214933
