dimension,birth,death
1,0.0005890638672473687,0.0006558270438766305
