dimension,birth,death
1,0.0005661307373872385,0.0006683798963438125
