dimension,birth,death
0,0.0,0.0006953572968990148
0,0.0,0.0006953572968990148
0,0.0,0.0004887268569093078
