dimension,birth,death
1,0.00023062962415457803,0.0006635634512553024
