dimension,birth,death
0,0.0,0.00035650816807364095
0,0.0,0.00035650816807364095
