dimension,birth,death
0,0.0,0.00019524069559601176
0,0.0,0.00019524069559601176
