dimension,birth,death
1,0.0,0.0003080376523838962
0,0.0,0.0003080376523838962
