dimension,birth,death
1,0.0,0.00018020883235842473
1,0.0,0.00018020883235842473
