dimension,birth,death
1,0.0004296405200358642,0.0005113350262638782
1,0.0004296405200358642,0.0005113350262638782
0,0.0,0.00048374480167319867
0,0.0,0.00044983956846645067
0,0.0,0.0004296405200358642
0,0.0,0.0004296405200358642
