dimension,birth,death
0,0.0,0.00039884140146880296
0,0.0,0.00039884140146880296
