dimension,birth,death
0,0.0,0.0003260650967290615
0,0.0,0.0003260650967290615
