dimension,birth,death
0,0.0,0.00040063915638882284
0,0.0,0.00040063915638882284
