dimension,birth,death
0,0.0,0.0006323498772021169
0,0.0,0.0006323498772021169
0,0.0,0.0006323498772021169
0,0.0,0.0006323498772021169
