dimension,birth,death
1,0.0001502748778857105,0.00022262080610437052
0,0.0,0.0001083302334623404
0,0.0,0.0001083302334623404
0,0.0,0.0001083302334623404
