dimension,birth,death
0,0.0,0.0010008822997327142
0,0.0,0.0010008822997327142
