dimension,birth,death
1,0.0,0.00013996512290343356
1,0.0,0.00013996512290343356
