dimension,birth,death
1,0.0,0.0001402987708687768
0,0.0,0.0001402987708687768
