dimension,birth,death
0,0.0,0.0006006019893034304
0,0.0,0.00046056739363991184
0,0.0,0.00046056739363991184
0,0.0,0.00046056739363991184
