dimension,birth,death
1,0.00038588931307530694,0.0004982968035752528
