dimension,birth,death
1,0.0007179820053271544,0.0008259315822825977
