dimension,birth,death
1,0.008874754015281995,0.009224168159118256
0,0.0,inf
0,0.0,0.013042312189142114
0,0.0,0.013019344020139387
0,0.0,0.009825773990877007
0,0.0,0.00889068261698747
0,0.0,0.00817095400439358
0,0.0,0.006911005867160393
0,0.0,0.006500954797491363
0,0.0,0.005669835251234047
0,0.0,0.005359829275093015
0,0.0,0.004382531232259275
0,0.0,0.0026656353919333148
0,0.0,0.0026167378606733412
0,0.0,0.0014849547285921251
0,0.0,0.0008160645725605003
