dimension,birth,death
0,0.0,inf
0,0.0,0.0676796503478599
0,0.0,0.0669688290150572
0,0.0,0.05145409710871652
0,0.0,0.038800248532922466
0,0.0,0.02607631939924404
0,0.0,0.025519360320009277
0,0.0,0.025114422419106882
0,0.0,0.023765733186622586
0,0.0,0.008085949132080775
0,0.0,0.0048275597871025476
0,0.0,0.0023002748118066733
0,0.0,0.0015366541374533112
0,0.0,0.0007979559786986519
0,0.0,0.0004351340234494456
0,0.0,0.00033341905027703124
