dimension,birth,death
0,0.0,inf
0,0.0,0.031116239749239497
0,0.0,0.024914032163182213
0,0.0,0.016173936849451148
0,0.0,0.015396871155536316
0,0.0,0.01210456720994264
0,0.0,0.011616540828750703
0,0.0,0.01073846853699157
0,0.0,0.00927930813830966
0,0.0,0.007999441667314198
0,0.0,0.007146628805092402
0,0.0,0.007037776778922818
0,0.0,0.005708208500906659
0,0.0,0.0010301245839063715
0,0.0,0.0004496011580887488
