dimension,birth,death
1,0.025998892099680683,0.027136833299279007
0,0.0,inf
0,0.0,0.02498077409457192
0,0.0,0.015351810651569663
0,0.0,0.012104864485623496
0,0.0,0.011797163516554646
0,0.0,0.01135637717447253
0,0.0,0.010110302104295811
0,0.0,0.009958643710568257
0,0.0,0.009426463413766465
0,0.0,0.008020640289843254
0,0.0,0.005175657026050332
0,0.0,0.0022006922495611115
0,0.0,0.00044958826680366765
