dimension,birth,death
1,0.0012917020130899797,0.001656170000181684
1,0.00415489778824166,0.004486659922907547
1,0.001365702215383423,0.0016806019901221942
1,0.0019464706869233644,0.0021907065240717744
1,0.0008886769171195936,0.0010123092102201658
1,0.0010139985421225334,0.0011335457724211627
1,0.001178469461108239,0.0012929218660515589
1,0.0009265900477571883,0.0010002689376117627
1,0.0005393273183341685,0.0005870713401112583
1,0.003713207773625537,0.0037409062178645042
1,0.0006587972752988942,0.000682834617487544
1,0.001040265355088086,0.0010608021328707708
0,0.0,0.027380579592054418
0,0.0,0.006898178842134
0,0.0,0.004901914435036397
0,0.0,0.004116803333277738
0,0.0,0.003997054913014177
0,0.0,0.002888364695912751
0,0.0,0.0025047621142255993
0,0.0,0.00242316081530609
0,0.0,0.0020837754912211752
0,0.0,0.0017307218731528466
0,0.0,0.0016343236633459249
0,0.0,0.0016089932518980896
0,0.0,0.0014302679326389923
0,0.0,0.0012839727508244018
0,0.0,0.0012658847384935466
0,0.0,0.00118662031177051
0,0.0,0.001055054562312742
0,0.0,0.0010478150192009433
0,0.0,0.0010311764757699837
0,0.0,0.0010092345102380228
0,0.0,0.0009809909721539627
0,0.0,0.000945548160772194
0,0.0,0.000937751566150678
0,0.0,0.0008482233794887841
0,0.0,0.0007964079169898251
0,0.0,0.000790732189613841
0,0.0,0.0007640810119024655
0,0.0,0.000738542462662878
0,0.0,0.0007272963699378254
0,0.0,0.0007256844247614838
0,0.0,0.0007063729811260602
0,0.0,0.0006895298781655155
0,0.0,0.0006554386656357811
0,0.0,0.0006485998393489503
0,0.0,0.0006377453104861642
0,0.0,0.0006327822365239217
0,0.0,0.0006253357956538017
0,0.0,0.0006137767181858823
0,0.0,0.000603863317222284
0,0.0,0.00057786938893015
0,0.0,0.0005371515902591195
0,0.0,0.0005297212826681178
0,0.0,0.0004656466057853967
0,0.0,0.00046039368720828547
0,0.0,0.00042836493277937857
0,0.0,0.0004226489102988565
0,0.0,0.00042222242289390163
0,0.0,0.0004177180162294168
0,0.0,0.00039396807934169
0,0.0,0.0003771459613790655
0,0.0,0.0003551259547478987
0,0.0,0.0003511721936945246
0,0.0,0.00033876856967452097
0,0.0,0.00026182476648474614
0,0.0,0.0002094512116719689
0,0.0,0.00020772374950082622
0,0.0,8.698773835505207e-05
