dimension,birth,death
1,0.001436637194748627,0.0017826904015798325
1,0.0011744156977627634,0.0014791649633622709
1,0.002568258936925803,0.002818368836298015
1,0.0007690560391813553,0.000992585984419134
1,0.0008169479020806501,0.0009866723896236208
1,0.0020161419730491126,0.0021512112961712205
1,0.0007273209314611309,0.0008337080617426834
1,0.002704747661329202,0.002765378021530921
1,0.0008421574439860023,0.0008838411621640399
1,0.0018463162142955845,0.0018852498746802797
1,0.001486699029565834,0.0015050293752170052
1,0.0013747412835362965,0.0013851213133331923
1,0.001897863421502257,0.001899329186350997
0,0.0,0.00818753331704811
0,0.0,0.008032589957705356
0,0.0,0.004727873878497749
0,0.0,0.0034478324115300506
0,0.0,0.0025334765520335953
0,0.0,0.0019944478030654114
0,0.0,0.0017919638017998697
0,0.0,0.0017225150048454092
0,0.0,0.0016089331786046975
0,0.0,0.0015673156753781858
0,0.0,0.0015506990216926971
0,0.0,0.0015198037543089253
0,0.0,0.0015145977769290895
0,0.0,0.001393663343919654
0,0.0,0.001371940125690052
0,0.0,0.0013484113270094379
0,0.0,0.0013333952784795292
0,0.0,0.0012688848949234106
0,0.0,0.0012425185424323716
0,0.0,0.0012377334513215827
0,0.0,0.001158663729306004
0,0.0,0.0011547364641192285
0,0.0,0.0010921530193099428
0,0.0,0.0010313684918013782
0,0.0,0.000992379809898253
0,0.0,0.0008611387000906146
0,0.0,0.0008435655320216431
0,0.0,0.0007967093415323024
0,0.0,0.0007800461302048252
0,0.0,0.0007653219585265044
0,0.0,0.0006926788309964655
0,0.0,0.0006832800910153078
0,0.0,0.0006825609747753933
0,0.0,0.0006715599803232739
0,0.0,0.0006146698460012794
0,0.0,0.0006145366708626021
0,0.0,0.0005927744176305984
0,0.0,0.0005622314598022111
0,0.0,0.0005502387526219105
0,0.0,0.0005497178692448918
0,0.0,0.0005375982756776098
0,0.0,0.0004957773415579497
0,0.0,0.0004938751110295725
0,0.0,0.0004927966892430645
0,0.0,0.0004421983147941257
0,0.0,0.00043717211301347065
0,0.0,0.0004158711150236904
0,0.0,0.0003697151471253314
0,0.0,0.0003496908808421676
0,0.0,0.0003462803283333026
0,0.0,0.000300875324564002
0,0.0,0.00029496850058640214
0,0.0,0.00028118851067386456
0,0.0,0.00023885008343969524
0,0.0,0.0002299456865694861
0,0.0,0.00010472766182244201
0,0.0,8.724699597211091e-05
