dimension,birth,death
1,0.025998892099680683,0.02699093577295353
0,0.0,inf
0,0.0,0.025021300802337006
0,0.0,0.016289388082933728
0,0.0,0.015351810651569663
0,0.0,0.011656824054515898
0,0.0,0.009746989782305314
0,0.0,0.00928702914330366
0,0.0,0.009097090074922156
0,0.0,0.008924398746786006
0,0.0,0.008020640289843254
0,0.0,0.005175657026050332
0,0.0,0.004465319636699402
0,0.0,0.0038687504236956946
0,0.0,0.0010300950474392365
0,0.0,0.00044958826680366765
