dimension,birth,death
0,0.0,inf
0,0.0,0.07095442859136217
0,0.0,0.04696147194577231
0,0.0,0.038800248532922466
0,0.0,0.029453364019696282
0,0.0,0.025519360320009277
0,0.0,0.025324216819419182
0,0.0,0.007682154474920271
0,0.0,0.0007979559786986519
0,0.0,0.0004351340234494456
