dimension,birth,death
0,0.0,inf
0,0.0,0.06265867922478134
0,0.0,0.05465562674707614
0,0.0,0.05162365411899718
0,0.0,0.025324914132107655
0,0.0,0.024858891668792214
0,0.0,0.024489226625323834
0,0.0,0.0076823660061920195
0,0.0,0.00577478869419376
0,0.0,0.0015366964498548597
0,0.0,0.0007979779507436033
0,0.0,0.0004351460050431653
