dimension,birth,death
0,0.0,inf
0,0.0,0.03468783584884113
0,0.0,0.034132031532018034
0,0.0,0.021889152243794185
0,0.0,0.01993755177933928
0,0.0,0.018782911589400715
0,0.0,0.008138885582690429
0,0.0,0.008054341915610086
0,0.0,0.007705707504318085
0,0.0,0.007146942501538356
0,0.0,0.005694636486187413
0,0.0,0.003483612082834556
0,0.0,0.00346316086568807
0,0.0,0.0032748438792618417
0,0.0,0.0028495359637900814
0,0.0,0.0016268442305952895
0,0.0,0.0009948359095043734
0,0.0,0.0009101521510811617
