dimension,birth,death
1,0.02423322432402958,0.025579130734950273
1,0.01940091190238354,0.019922361942225207
0,0.0,inf
0,0.0,0.023525018190890524
0,0.0,0.019123091314259037
0,0.0,0.015412951074848538
0,0.0,0.014966451734203341
0,0.0,0.01496458279516821
0,0.0,0.014863129478483502
0,0.0,0.013919074308570699
0,0.0,0.012873064209940412
0,0.0,0.012483187388886182
0,0.0,0.010127575864449104
0,0.0,0.005840657140194943
0,0.0,0.0035392457698989977
0,0.0,0.002392307145542997
0,0.0,0.0014817261304277659
