dimension,birth,death
0,0.0,inf
0,0.0,0.03914809815010479
0,0.0,0.03615246818203874
0,0.0,0.025752578642269038
0,0.0,0.022279991230172956
0,0.0,0.01995024425341766
0,0.0,0.018325682536012463
0,0.0,0.01609351555371889
0,0.0,0.013707568372231811
0,0.0,0.006140575573741879
