dimension,birth,death
1,0.0024927339613199945,0.0025500358266026583
0,0.0,inf
0,0.0,0.053189988970243685
0,0.0,0.03333812860513866
0,0.0,0.031889587760934576
0,0.0,0.021309526848033434
0,0.0,0.01615224061002346
0,0.0,0.012034397673411055
0,0.0,0.006066790541039206
0,0.0,0.00247057791307374
0,0.0,0.0023665848622074753
0,0.0,0.0020658016900029007
0,0.0,0.0013934345073819444
0,0.0,0.0013642261522206196
0,0.0,0.001125035540823255
0,0.0,0.0010391438694098368
0,0.0,0.0006476892544143957
