dimension,birth,death
1,0.0010124067962302384,0.001039280316131324
0,0.0,inf
0,0.0,0.0012708055578109266
0,0.0,0.0011633128812723755
0,0.0,0.000975007398552146
0,0.0,0.0008310144086949207
0,0.0,0.0007360624884546676
0,0.0,0.0007236216429665123
0,0.0,0.0007230702379724137
0,0.0,0.0006845334734900561
0,0.0,0.000672569898193236
0,0.0,0.0006140714030963379
0,0.0,0.0005450483958133982
0,0.0,0.0004810724017890739
0,0.0,0.0002146617437396888
