dimension,birth,death
0,0.0,inf
0,0.0,0.02615191119846815
0,0.0,0.013427574073568245
0,0.0,0.01156427980837148
0,0.0,0.011436697275999776
0,0.0,0.0096112937094736
0,0.0,0.007524994963912363
0,0.0,0.0028141731374333417
0,0.0,0.0027423088832580706
0,0.0,0.001197648209328455
0,0.0,0.0010167737289815282
0,0.0,0.0010031111613272258
0,0.0,0.0005725349792779766
0,0.0,0.0005608804256778406
0,0.0,0.0005553781397104416
