dimension,birth,death
0,0.0,inf
0,0.0,0.03510573718749337
0,0.0,0.03344958938370845
0,0.0,0.019999094823568642
0,0.0,0.01764217656394849
0,0.0,0.013450326380483654
0,0.0,0.010842770556744194
0,0.0,0.010774193963139514
0,0.0,0.008924425107207612
0,0.0,0.004682696634259657
0,0.0,0.0042156180899521525
0,0.0,0.0038687618510079916
0,0.0,0.0025955303907555303
0,0.0,0.0015986958145111686
