dimension,birth,death
1,0.013194988995701352,0.013567590384363296
0,0.0,inf
0,0.0,0.01238901133143432
0,0.0,0.008935862433754936
0,0.0,0.007680779316415772
0,0.0,0.006963425722604912
0,0.0,0.006732492380567826
0,0.0,0.006544982043733097
0,0.0,0.005766417114105404
0,0.0,0.0014031257088246737
0,0.0,0.0006582522680814964
