dimension,birth,death
1,0.032530424516173884,0.03596771343337166
0,0.0,inf
0,0.0,0.028057988118841137
0,0.0,0.027471478817116788
0,0.0,0.020673368181761066
0,0.0,0.017374806961928998
0,0.0,0.011133663783330883
0,0.0,0.010109215911328951
0,0.0,0.007943647820993823
0,0.0,0.007037545456888502
0,0.0,0.004682542720467665
0,0.0,0.0038879019621848227
0,0.0,0.0032491444827102258
0,0.0,0.0010406549979841914
0,0.0,0.00044953996561455364
