dimension,birth,death
0,0.0,inf
0,0.0,0.025394217450100107
0,0.0,0.01671396942928369
0,0.0,0.012477679684253735
0,0.0,0.007565681138801315
0,0.0,0.00700099154755037
0,0.0,0.006731935424114384
0,0.0,0.005794882345337167
0,0.0,0.005692516459149804
0,0.0,0.0012597978799604689
0,0.0,0.0010411987740076136
0,0.0,0.0010333106814481262
