dimension,birth,death
0,0.0,inf
0,0.0,0.07095540945108333
0,0.0,0.05145480839978523
0,0.0,0.0388007848997387
0,0.0,0.02610991342880888
0,0.0,0.025519713094503283
0,0.0,0.02532456689628886
0,0.0,0.0071217544337846255
0,0.0,0.000797967009481219
0,0.0,0.0004351400386545411
