dimension,birth,death
0,0.0,inf
0,0.0,0.016726315160191116
0,0.0,0.01279551977265202
0,0.0,0.009952301384167882
0,0.0,0.007349211255878594
0,0.0,0.006710650929933726
0,0.0,0.006638685014568205
0,0.0,0.005990925563935599
0,0.0,0.003480587737335104
0,0.0,0.0018929851133102926
0,0.0,0.0018194684331508005
