dimension,birth,death
1,0.02557720129745335,0.027233069895492106
0,0.0,inf
0,0.0,0.025215143789376556
0,0.0,0.02206307397159801
0,0.0,0.011313437047743062
0,0.0,0.010941345538663739
0,0.0,0.009092385511741435
0,0.0,0.005794882345337167
0,0.0,0.005692516459149804
0,0.0,0.0036315380473633837
0,0.0,0.0036239321376144488
0,0.0,0.0035531250263517336
0,0.0,0.002863308255192688
0,0.0,0.0021597655167095203
0,0.0,0.0003962521085398348
