dimension,birth,death
1,0.01785588290736933,0.01786848232709189
0,0.0,inf
0,0.0,0.017323596801299832
0,0.0,0.012408547500253669
0,0.0,0.00889289107981422
0,0.0,0.007647758721192114
0,0.0,0.006973447484139719
0,0.0,0.00673227703990024
0,0.0,0.004858468348750665
0,0.0,0.0032717341957522223
0,0.0,0.0010333631173700284
