dimension,birth,death
0,0.0,inf
0,0.0,0.06265695393987686
0,0.0,0.05162223267966458
0,0.0,0.04884381484070675
0,0.0,0.038800248532922466
0,0.0,0.026046164871367655
0,0.0,0.025519360320009277
0,0.0,0.024488552322999756
0,0.0,0.007682154474920271
0,0.0,0.0048275597871025476
0,0.0,0.002472151976840043
0,0.0,0.0007979559786986519
0,0.0,0.00033341905027703124
